datetime,lot1_bikein,lot1_bikeout,lot1_peoplein,lot1_peopleout,lot2_bikein,lot2_bikeout,lot2_peoplein,lot2_peopleout
2021-02-05 10:00,0,0,0,0,,,,
2021-02-05 11:00,0,0,0,0,,,,
2021-02-05 12:00,0,0,383,320,,,,
2021-02-05 13:00,0,0,71,48,,,,
2021-02-05 14:00,0,0,80,60,,,,
2021-02-05 15:00,0,0,50,48,,,,
2021-02-05 16:00,0,0,26,52,,,,
2021-02-05 17:00,0,0,0,0,,,,
2021-02-05 18:00,0,0,0,0,,,,
2021-02-05 19:00,0,0,0,0,,,,
2021-02-05 20:00,0,0,0,0,,,,
2021-02-05 21:00,0,0,0,0,,,,
2021-02-05 22:00,0,0,0,0,,,,
2021-02-05 23:00,0,0,0,0,,,,
2021-02-06 00:00,0,0,0,0,,,,
2021-02-06 01:00,0,0,0,0,,,,
2021-02-06 02:00,0,0,0,0,,,,
2021-02-06 03:00,0,0,0,0,,,,
2021-02-06 04:00,0,0,0,0,,,,
2021-02-06 05:00,0,0,0,0,,,,
2021-02-06 06:00,0,0,0,0,,,,
2021-02-06 07:00,0,0,0,0,,,,
2021-02-06 08:00,0,0,0,0,,,,
2021-02-06 09:00,0,0,69,15,,,,
2021-02-06 10:00,0,0,117,92,,,,
2021-02-06 11:00,0,0,112,90,,,,
2021-02-06 12:00,0,0,126,119,,,,
2021-02-06 13:00,1,0,169,144,,,,
2021-02-06 14:00,0,0,139,138,,,,
2021-02-06 15:00,0,0,102,106,,,,
2021-02-06 16:00,0,0,75,126,,,,
2021-02-06 17:00,0,0,0,0,,,,
2021-02-06 18:00,0,0,0,0,,,,
2021-02-06 19:00,0,0,0,0,,,,
2021-02-06 20:00,0,0,0,0,,,,
2021-02-06 21:00,0,0,0,0,,,,
2021-02-06 22:00,0,0,0,0,,,,
2021-02-06 23:00,0,0,0,0,,,,
2021-02-07 00:00,0,0,0,0,,,,
2021-02-07 01:00,0,0,0,0,,,,
2021-02-07 02:00,0,0,0,0,,,,
2021-02-07 03:00,0,0,0,0,,,,
2021-02-07 04:00,0,0,0,0,,,,
2021-02-07 05:00,0,0,0,0,,,,
2021-02-07 06:00,0,0,1,0,,,,
2021-02-07 07:00,0,0,1,2,,,,
2021-02-07 08:00,0,0,0,0,,,,
2021-02-07 09:00,0,0,38,27,,,,
2021-02-07 10:00,0,0,80,44,,,,
2021-02-07 11:00,0,0,134,84,,,,
2021-02-07 12:00,0,0,104,92,,,,
2021-02-07 13:00,0,0,126,97,,,,
2021-02-07 14:00,0,0,111,149,,,,
2021-02-07 15:00,0,0,37,61,,,,
2021-02-07 16:00,0,0,22,31,,,,
2021-02-07 17:00,0,0,0,0,,,,
2021-02-07 18:00,0,0,0,0,,,,
2021-02-07 19:00,0,0,0,0,,,,
2021-02-07 20:00,0,0,0,0,,,,
2021-02-07 21:00,0,0,0,0,,,,
2021-02-07 22:00,0,0,0,0,,,,
2021-02-07 23:00,0,0,0,0,,,,
2021-02-08 00:00,0,0,0,0,,,,
2021-02-08 01:00,0,0,0,0,,,,
2021-02-08 02:00,0,0,0,0,,,,
2021-02-08 03:00,0,0,0,0,,,,
2021-02-08 04:00,0,0,0,0,,,,
2021-02-08 05:00,0,0,0,0,,,,
2021-02-08 06:00,0,0,0,0,,,,
2021-02-08 07:00,0,0,0,0,,,,
2021-02-08 08:00,0,0,0,0,,,,
2021-02-08 09:00,0,0,3,0,,,,
2021-02-08 10:00,0,0,21,9,,,,
2021-02-08 11:00,0,0,45,14,,,,
2021-02-08 12:00,0,0,70,25,,,,
2021-02-08 13:00,0,0,79,53,,,,
2021-02-08 14:00,0,0,93,102,,,,
2021-02-08 15:00,0,0,54,93,,,,
2021-02-08 16:00,0,0,27,45,,,,
2021-02-08 17:00,0,0,0,0,,,,
2021-02-08 18:00,0,0,0,0,,,,
2021-02-08 19:00,0,0,0,0,,,,
2021-02-08 20:00,0,0,0,0,,,,
2021-02-08 21:00,0,0,0,0,,,,
2021-02-08 22:00,0,0,0,0,,,,
2021-02-08 23:00,0,0,0,0,,,,
2021-02-09 00:00,0,0,0,0,,,,
2021-02-09 01:00,0,0,0,0,,,,
2021-02-09 02:00,0,0,0,0,,,,
2021-02-09 03:00,0,0,0,0,,,,
2021-02-09 04:00,0,0,0,0,,,,
2021-02-09 05:00,0,0,0,0,,,,
2021-02-09 06:00,0,0,0,0,,,,
2021-02-09 07:00,0,0,0,0,,,,
2021-02-09 08:00,0,0,0,0,,,,
2021-02-09 09:00,0,0,6,1,,,,
2021-02-09 10:00,0,0,11,6,,,,
2021-02-09 11:00,0,0,20,16,,,,
2021-02-09 12:00,0,0,18,6,,,,
2021-02-09 13:00,0,0,47,18,,,,
2021-02-09 14:00,0,0,75,39,,,,
2021-02-09 15:00,0,0,62,81,,,,
2021-02-09 16:00,0,0,16,61,,,,
2021-02-09 17:00,0,0,0,0,,,,
2021-02-09 18:00,0,0,0,0,,,,
2021-02-09 19:00,0,0,0,0,,,,
2021-02-09 20:00,0,0,0,0,,,,
2021-02-09 21:00,0,0,0,0,,,,
2021-02-09 22:00,0,0,0,0,,,,
2021-02-09 23:00,0,0,0,0,,,,
2021-02-10 00:00,0,0,0,0,,,,
2021-02-10 01:00,0,0,0,0,,,,
2021-02-10 02:00,0,0,0,0,,,,
2021-02-10 03:00,0,0,0,0,,,,
2021-02-10 04:00,0,0,0,0,,,,
2021-02-10 05:00,0,0,0,0,,,,
2021-02-10 06:00,0,0,0,0,,,,
2021-02-10 07:00,0,0,0,0,,,,
2021-02-10 08:00,0,0,5,4,,,,
2021-02-10 09:00,0,0,12,7,,,,
2021-02-10 10:00,0,0,15,7,,,,
2021-02-10 11:00,0,0,23,13,,,,
2021-02-10 12:00,0,0,26,28,,,,
2021-02-10 13:00,0,0,62,26,,,,
2021-02-10 14:00,0,0,74,53,,,,
2021-02-10 15:00,0,0,61,50,,,,
2021-02-10 16:00,0,0,17,53,,,,
2021-02-10 17:00,0,0,0,0,,,,
2021-02-10 18:00,0,0,0,0,,,,
2021-02-10 19:00,0,0,0,0,,,,
2021-02-10 20:00,0,0,0,0,,,,
2021-02-10 21:00,0,0,0,0,,,,
2021-02-10 22:00,0,0,0,0,,,,
2021-02-10 23:00,0,0,0,0,,,,
2021-02-11 00:00,0,0,0,0,,,,
2021-02-11 01:00,0,0,0,0,,,,
2021-02-11 02:00,0,0,0,0,,,,
2021-02-11 03:00,0,0,0,0,,,,
2021-02-11 04:00,0,0,0,0,,,,
2021-02-11 05:00,0,0,0,0,,,,
2021-02-11 06:00,0,0,0,0,,,,
2021-02-11 07:00,0,0,0,0,,,,
2021-02-11 08:00,0,0,0,0,,,,
2021-02-11 09:00,0,0,13,3,,,,
2021-02-11 10:00,0,0,20,15,,,,
2021-02-11 11:00,0,0,20,10,,,,
2021-02-11 12:00,0,0,40,35,,,,
2021-02-11 13:00,0,0,55,33,,,,
2021-02-11 14:00,0,0,81,46,,,,
2021-02-11 15:00,0,0,82,74,,,,
2021-02-11 16:00,0,0,34,89,,,,
2021-02-11 17:00,0,0,0,0,,,,
2021-02-11 18:00,0,0,0,0,,,,
2021-02-11 19:00,0,0,0,0,,,,
2021-02-11 20:00,0,0,0,0,,,,
2021-02-11 21:00,0,0,0,0,,,,
2021-02-11 22:00,0,0,0,0,,,,
2021-02-11 23:00,0,0,0,0,,,,
2021-02-12 00:00,0,0,0,0,,,,
2021-02-12 01:00,0,0,0,0,,,,
2021-02-12 02:00,0,0,0,0,,,,
2021-02-12 03:00,0,0,0,0,,,,
2021-02-12 04:00,0,0,0,0,,,,
2021-02-12 05:00,0,0,0,0,,,,
2021-02-12 06:00,0,0,0,0,,,,
2021-02-12 07:00,0,0,0,0,,,,
2021-02-12 08:00,0,0,0,0,,,,
2021-02-12 09:00,0,0,16,2,,,,
2021-02-12 10:00,0,0,21,23,,,,
2021-02-12 11:00,0,0,27,16,,,,
2021-02-12 12:00,0,0,35,23,,,,
2021-02-12 13:00,0,0,72,51,,,,
2021-02-12 14:00,0,0,68,40,,,,
2021-02-12 15:00,0,0,121,102,,,,
2021-02-12 16:00,0,0,31,96,,,,
2021-02-12 17:00,0,0,0,0,,,,
2021-02-12 18:00,0,0,0,0,,,,
2021-02-12 19:00,0,0,0,0,,,,
2021-02-12 20:00,0,0,0,0,,,,
2021-02-12 21:00,0,0,0,0,,,,
2021-02-12 22:00,0,0,0,0,,,,
2021-02-12 23:00,0,0,0,0,,,,
2021-02-13 00:00,0,0,0,0,,,,
2021-02-13 01:00,0,0,0,0,,,,
2021-02-13 02:00,0,0,0,0,,,,
2021-02-13 03:00,0,0,0,0,,,,
2021-02-13 04:00,0,0,0,0,,,,
2021-02-13 05:00,0,0,0,0,,,,
2021-02-13 06:00,0,0,0,0,,,,
2021-02-13 07:00,0,0,0,0,,,,
2021-02-13 08:00,0,0,1,0,,,,
2021-02-13 09:00,0,0,32,9,,,,
2021-02-13 10:00,0,0,78,37,,,,
2021-02-13 11:00,0,0,115,93,,,,
2021-02-13 12:00,0,0,133,125,,,,
2021-02-13 13:00,0,0,143,112,,,,
2021-02-13 14:00,0,0,157,111,,,,
2021-02-13 15:00,0,0,133,121,,,,
2021-02-13 16:00,0,0,44,126,,,,
2021-02-13 17:00,0,0,0,0,,,,
2021-02-13 18:00,0,0,0,0,,,,
2021-02-13 19:00,0,0,0,0,,,,
2021-02-13 20:00,0,0,0,0,,,,
2021-02-13 21:00,0,0,0,0,,,,
2021-02-13 22:00,0,0,0,0,,,,
2021-02-13 23:00,0,0,0,0,,,,
2021-02-14 00:00,0,0,0,0,,,,
2021-02-14 01:00,0,0,0,0,,,,
2021-02-14 02:00,0,0,0,0,,,,
2021-02-14 03:00,0,0,0,0,,,,
2021-02-14 04:00,0,0,0,0,,,,
2021-02-14 05:00,0,0,0,0,,,,
2021-02-14 06:00,0,0,0,0,,,,
2021-02-14 07:00,0,0,0,0,,,,
2021-02-14 08:00,0,0,0,0,,,,
2021-02-14 09:00,0,0,71,8,,,,
2021-02-14 10:00,0,0,113,98,,,,
2021-02-14 11:00,0,0,123,130,,,,
2021-02-14 12:00,0,0,157,95,,,,
2021-02-14 13:00,0,0,142,114,,,,
2021-02-14 14:00,0,0,127,122,,,,
2021-02-14 15:00,0,0,137,83,,,,
2021-02-14 16:00,0,0,68,115,,,,
2021-02-14 17:00,0,0,0,0,,,,
2021-02-14 18:00,0,0,0,0,,,,
2021-02-14 19:00,0,0,0,0,,,,
2021-02-14 20:00,0,0,0,0,,,,
2021-02-14 21:00,0,0,0,0,,,,
2021-02-14 22:00,0,0,0,0,,,,
2021-02-14 23:00,0,0,0,0,,,,
2021-02-15 00:00,0,0,0,0,,,,
2021-02-15 01:00,0,0,0,0,,,,
2021-02-15 02:00,0,0,0,0,,,,
2021-02-15 03:00,0,0,0,0,,,,
2021-02-15 04:00,0,0,0,0,,,,
2021-02-15 05:00,0,0,0,0,,,,
2021-02-15 06:00,0,0,0,0,,,,
2021-02-15 07:00,0,0,0,0,,,,
2021-02-15 08:00,0,0,0,0,,,,
2021-02-15 09:00,0,0,59,20,,,,
2021-02-15 10:00,0,0,112,67,,,,
2021-02-15 11:00,0,0,161,114,,,,
2021-02-15 12:00,0,0,118,111,,,,
2021-02-15 13:00,0,0,124,117,,,,
2021-02-15 14:00,0,0,121,109,,,,
2021-02-15 15:00,0,0,146,112,,,,
2021-02-15 16:00,0,0,39,103,,,,
2021-02-15 17:00,0,0,0,0,,,,
2021-02-15 18:00,0,0,0,0,,,,
2021-02-15 19:00,0,0,0,0,,,,
2021-02-15 20:00,0,0,0,0,,,,
2021-02-15 21:00,0,0,0,0,,,,
2021-02-15 22:00,0,0,0,0,,,,
2021-02-15 23:00,0,0,0,0,,,,
2021-02-16 00:00,0,0,0,0,,,,
2021-02-16 01:00,0,0,0,0,,,,
2021-02-16 02:00,0,0,0,0,,,,
2021-02-16 03:00,0,0,0,0,,,,
2021-02-16 04:00,0,0,0,0,,,,
2021-02-16 05:00,0,0,0,0,,,,
2021-02-16 06:00,0,0,0,0,,,,
2021-02-16 07:00,0,0,0,0,,,,
2021-02-16 08:00,0,0,5,0,,,,
2021-02-16 09:00,0,0,18,7,,,,
2021-02-16 10:00,0,0,26,26,,,,
2021-02-16 11:00,0,0,31,30,,,,
2021-02-16 12:00,0,0,52,55,,,,
2021-02-16 13:00,0,0,42,34,,,,
2021-02-16 14:00,0,0,46,46,,,,
2021-02-16 15:00,0,0,76,45,,,,
2021-02-16 16:00,0,0,29,56,,,,
2021-02-16 17:00,0,0,0,0,,,,
2021-02-16 18:00,0,0,0,0,,,,
2021-02-16 19:00,0,0,0,0,,,,
2021-02-16 20:00,0,0,0,0,,,,
2021-02-16 21:00,0,0,0,0,,,,
2021-02-16 22:00,0,0,0,0,,,,
2021-02-16 23:00,0,0,0,0,,,,
2021-02-17 00:00,0,0,0,0,,,,
2021-02-17 01:00,0,0,0,0,,,,
2021-02-17 02:00,0,0,0,0,,,,
2021-02-17 03:00,0,0,0,0,,,,
2021-02-17 04:00,0,0,0,0,,,,
2021-02-17 05:00,0,0,0,0,,,,
2021-02-17 06:00,0,0,0,0,,,,
2021-02-17 07:00,0,0,0,0,,,,
2021-02-17 08:00,0,0,1,1,,,,
2021-02-17 09:00,0,0,10,4,,,,
2021-02-17 10:00,0,0,19,13,,,,
2021-02-17 11:00,0,0,53,40,,,,
2021-02-17 12:00,0,0,30,39,,,,
2021-02-17 13:00,0,0,47,21,,,,
2021-02-17 14:00,0,0,50,48,,,,
2021-02-17 15:00,0,0,75,54,,,,
2021-02-17 16:00,0,0,28,51,,,,
2021-02-17 17:00,0,0,0,0,,,,
2021-02-17 18:00,0,0,0,0,,,,
2021-02-17 19:00,0,0,0,0,,,,
2021-02-17 20:00,0,0,0,0,,,,
2021-02-17 21:00,0,0,0,0,,,,
2021-02-17 22:00,0,0,0,0,,,,
2021-02-17 23:00,0,0,0,0,,,,
2021-02-18 00:00,0,0,0,0,,,,
2021-02-18 01:00,0,0,0,0,,,,
2021-02-18 02:00,0,0,0,0,,,,
2021-02-18 03:00,0,0,0,0,,,,
2021-02-18 04:00,0,0,0,0,,,,
2021-02-18 05:00,0,0,0,0,,,,
2021-02-18 06:00,0,0,0,0,,,,
2021-02-18 07:00,0,0,0,0,,,,
2021-02-18 08:00,0,0,0,0,,,,
2021-02-18 09:00,0,0,23,9,,,,
2021-02-18 10:00,0,0,35,21,,,,
2021-02-18 11:00,0,0,34,29,,,,
2021-02-18 12:00,0,0,52,29,,,,
2021-02-18 13:00,0,0,48,38,,,,
2021-02-18 14:00,0,0,57,48,,,,
2021-02-18 15:00,0,0,59,55,,,,
2021-02-18 16:00,0,0,21,33,,,,
2021-02-18 17:00,0,0,0,0,,,,
2021-02-18 18:00,0,0,0,0,,,,
2021-02-18 19:00,0,0,0,0,,,,
2021-02-18 20:00,0,0,0,0,,,,
2021-02-18 21:00,0,0,0,0,,,,
2021-02-18 22:00,0,0,0,0,,,,
2021-02-18 23:00,0,0,0,0,,,,
2021-02-19 00:00,0,0,0,0,,,,
2021-02-19 01:00,0,0,0,0,,,,
2021-02-19 02:00,0,0,0,0,,,,
2021-02-19 03:00,0,0,0,0,,,,
2021-02-19 04:00,0,0,0,0,,,,
2021-02-19 05:00,0,0,0,0,,,,
2021-02-19 06:00,0,0,0,0,,,,
2021-02-19 07:00,0,0,0,0,,,,
2021-02-19 08:00,0,0,1,2,,,,
2021-02-19 09:00,0,0,47,11,,,,
2021-02-19 10:00,0,0,107,51,,,,
2021-02-19 11:00,0,0,60,107,,,,
2021-02-19 12:00,0,0,64,77,,,,
2021-02-19 13:00,0,0,74,77,,,,
2021-02-19 14:00,0,0,89,78,,,,
2021-02-19 15:00,0,0,114,122,,,,
2021-02-19 16:00,0,0,47,79,,,,
2021-02-19 17:00,0,0,0,0,,,,
2021-02-19 18:00,0,0,0,0,,,,
2021-02-19 19:00,0,0,0,0,,,,
2021-02-19 20:00,0,0,0,0,,,,
2021-02-19 21:00,0,0,0,0,,,,
2021-02-19 22:00,0,0,0,0,,,,
2021-02-19 23:00,0,0,0,0,,,,
2021-02-20 00:00,0,0,0,0,,,,
2021-02-20 01:00,0,0,0,0,,,,
2021-02-20 02:00,0,0,0,0,,,,
2021-02-20 03:00,0,0,0,0,,,,
2021-02-20 04:00,0,0,0,0,,,,
2021-02-20 05:00,0,0,0,0,,,,
2021-02-20 06:00,0,0,0,0,,,,
2021-02-20 07:00,0,0,4,2,,,,
2021-02-20 08:00,0,0,0,0,,,,
2021-02-20 09:00,0,0,50,12,,,,
2021-02-20 10:00,0,0,106,58,,,,
2021-02-20 11:00,0,0,127,112,,,,
2021-02-20 12:00,0,0,110,94,,,,
2021-02-20 13:00,0,0,129,125,,,,
2021-02-20 14:00,0,0,146,96,,,,
2021-02-20 15:00,0,0,127,137,,,,
2021-02-20 16:00,0,0,70,112,,,,
2021-02-20 17:00,0,0,0,0,,,,
2021-02-20 18:00,0,0,0,0,,,,
2021-02-20 19:00,0,0,0,0,,,,
2021-02-20 20:00,0,0,0,0,,,,
2021-02-20 21:00,0,0,0,0,,,,
2021-02-20 22:00,0,0,0,0,,,,
2021-02-20 23:00,0,0,0,0,,,,
2021-02-21 00:00,0,0,0,0,,,,
2021-02-21 01:00,0,0,0,0,,,,
2021-02-21 02:00,0,0,0,0,,,,
2021-02-21 03:00,0,0,0,0,,,,
2021-02-21 04:00,0,0,0,0,,,,
2021-02-21 05:00,0,0,0,0,,,,
2021-02-21 06:00,0,0,0,0,,,,
2021-02-21 07:00,0,0,0,0,,,,
2021-02-21 08:00,0,0,0,0,,,,
2021-02-21 09:00,0,0,72,22,,,,
2021-02-21 10:00,0,0,131,102,,,,
2021-02-21 11:00,0,0,131,92,,,,
2021-02-21 12:00,0,0,116,119,,,,
2021-02-21 13:00,0,0,137,114,,,,
2021-02-21 14:00,0,0,154,139,,,,
2021-02-21 15:00,0,0,137,131,,,,
2021-02-21 16:00,0,0,42,94,,,,
2021-02-21 17:00,0,0,0,0,,,,
2021-02-21 18:00,0,0,0,0,,,,
2021-02-21 19:00,0,0,0,0,,,,
2021-02-21 20:00,0,0,0,0,,,,
2021-02-21 21:00,0,0,0,0,,,,
2021-02-21 22:00,0,0,0,0,,,,
2021-02-21 23:00,0,0,0,0,,,,
2021-02-22 00:00,0,0,0,0,,,,
2021-02-22 01:00,0,0,0,0,,,,
2021-02-22 02:00,0,0,0,0,,,,
2021-02-22 03:00,0,0,0,0,,,,
2021-02-22 04:00,0,0,0,0,,,,
2021-02-22 05:00,0,0,0,0,,,,
2021-02-22 06:00,0,0,0,0,,,,
2021-02-22 07:00,0,0,0,0,,,,
2021-02-22 08:00,0,0,4,0,,,,
2021-02-22 09:00,0,0,18,3,,,,
2021-02-22 10:00,0,0,27,28,,,,
2021-02-22 11:00,0,0,72,33,,,,
2021-02-22 12:00,0,0,96,74,,,,
2021-02-22 13:00,0,0,77,77,,,,
2021-02-22 14:00,0,0,80,64,0,0,29,30
2021-02-22 15:00,0,0,30,32,0,0,10,6
2021-02-22 16:00,0,0,17,27,0,0,6,6
2021-02-22 17:00,0,0,0,0,0,0,0,0
2021-02-22 18:00,0,0,0,0,0,0,0,0
2021-02-22 19:00,0,0,0,0,0,0,0,0
2021-02-22 20:00,0,0,0,0,0,0,0,0
2021-02-22 21:00,0,0,0,0,0,0,0,0
2021-02-22 22:00,0,0,0,0,0,0,0,0
2021-02-22 23:00,0,0,0,0,0,0,0,0
2021-02-23 00:00,0,0,0,0,0,0,0,0
2021-02-23 01:00,0,0,0,0,0,0,0,0
2021-02-23 02:00,0,0,0,0,0,0,0,0
2021-02-23 03:00,0,0,0,0,0,0,0,0
2021-02-23 04:00,0,0,0,0,0,0,0,0
2021-02-23 05:00,0,0,0,0,0,0,0,0
2021-02-23 06:00,0,0,0,0,0,0,0,0
2021-02-23 07:00,0,0,3,0,0,0,0,0
2021-02-23 08:00,0,0,0,0,1,1,0,3
2021-02-23 09:00,0,0,7,4,0,0,12,12
2021-02-23 10:00,0,0,21,15,0,0,47,36
2021-02-23 11:00,0,0,29,27,0,0,10,23
2021-02-23 12:00,0,0,56,28,0,0,20,17
2021-02-23 13:00,0,0,76,53,0,0,16,19
2021-02-23 14:00,0,0,69,84,0,0,12,7
2021-02-23 15:00,0,0,73,75,0,0,10,8
2021-02-23 16:00,0,0,49,67,0,0,8,12
2021-02-23 17:00,0,0,0,0,0,0,0,0
2021-02-23 18:00,0,0,0,0,0,0,0,0
2021-02-23 19:00,0,0,0,0,0,0,0,0
2021-02-23 20:00,0,0,0,0,0,0,0,0
2021-02-23 21:00,0,0,0,0,0,0,0,0
2021-02-23 22:00,0,0,0,0,0,0,0,0
2021-02-23 23:00,0,0,0,0,0,0,0,0
2021-02-24 00:00,0,0,0,0,0,0,0,0
2021-02-24 01:00,0,0,0,0,0,0,0,0
2021-02-24 02:00,0,0,0,0,0,0,0,0
2021-02-24 03:00,0,0,0,0,0,0,0,0
2021-02-24 04:00,0,0,0,0,0,0,0,0
2021-02-24 05:00,0,0,0,0,0,0,0,0
2021-02-24 06:00,0,0,0,0,0,0,0,0
2021-02-24 07:00,0,0,0,0,0,0,0,0
2021-02-24 08:00,0,0,0,0,0,0,1,1
2021-02-24 09:00,0,0,12,9,0,0,15,4
2021-02-24 10:00,0,0,33,14,0,0,7,10
2021-02-24 11:00,0,0,59,23,0,0,8,12
2021-02-24 12:00,0,0,47,37,0,0,10,6
2021-02-24 13:00,0,0,63,39,0,0,27,11
2021-02-24 14:00,0,0,50,68,0,0,11,25
2021-02-24 15:00,0,0,49,55,0,0,12,9
2021-02-24 16:00,0,0,22,30,0,0,6,5
2021-02-24 17:00,0,0,0,0,0,0,0,0
2021-02-24 18:00,0,0,0,0,0,0,0,0
2021-02-24 19:00,0,0,0,0,0,0,0,0
2021-02-24 20:00,0,0,0,0,0,0,0,0
2021-02-24 21:00,0,0,0,0,0,0,0,0
2021-02-24 22:00,0,0,0,0,0,0,0,0
2021-02-24 23:00,0,0,0,0,0,0,0,0
2021-02-25 00:00,0,0,0,0,0,0,0,0
2021-02-25 01:00,0,0,0,0,0,0,0,0
2021-02-25 02:00,0,0,0,0,0,0,0,0
2021-02-25 03:00,0,0,0,0,0,0,0,0
2021-02-25 04:00,0,0,0,0,0,0,0,0
2021-02-25 05:00,0,0,0,0,0,0,0,0
2021-02-25 06:00,0,0,0,0,0,0,0,0
2021-02-25 07:00,0,0,0,0,0,0,0,0
2021-02-25 08:00,0,0,0,0,0,0,0,0
2021-02-25 09:00,0,0,7,4,0,0,6,4
2021-02-25 10:00,0,0,29,13,0,0,20,29
2021-02-25 11:00,0,0,70,23,0,0,10,10
2021-02-25 12:00,0,0,71,35,0,0,17,18
2021-02-25 13:00,0,0,85,77,0,0,45,19
2021-02-25 14:00,0,0,89,80,0,0,17,29
2021-02-25 15:00,0,0,64,78,0,0,4,14
2021-02-25 16:00,0,0,24,51,0,0,3,11
2021-02-25 17:00,0,0,0,0,0,0,0,0
2021-02-25 18:00,0,0,0,0,0,0,0,0
2021-02-25 19:00,0,0,0,0,0,0,0,0
2021-02-25 20:00,0,0,0,0,0,0,0,0
2021-02-25 21:00,0,0,0,0,0,0,0,0
2021-02-25 22:00,0,0,0,0,0,0,0,0
2021-02-25 23:00,0,0,0,0,0,0,0,0
2021-02-26 00:00,0,0,0,0,0,0,0,0
2021-02-26 01:00,0,0,0,0,0,0,0,0
2021-02-26 02:00,0,0,0,0,0,0,0,0
2021-02-26 03:00,0,0,0,0,0,0,0,0
2021-02-26 04:00,0,0,0,0,0,0,0,0
2021-02-26 05:00,0,0,0,0,0,0,0,0
2021-02-26 06:00,0,0,0,0,0,0,0,0
2021-02-26 07:00,0,0,0,0,0,0,1,0
2021-02-26 08:00,0,0,0,0,0,0,0,0
2021-02-26 09:00,0,0,24,7,0,0,5,8
2021-02-26 10:00,0,0,37,27,0,0,13,12
2021-02-26 11:00,0,0,82,42,0,0,16,17
2021-02-26 12:00,0,0,65,66,0,0,31,36
2021-02-26 13:00,0,0,100,68,0,0,18,27
2021-02-26 14:00,0,0,93,64,0,0,48,37
2021-02-26 15:00,0,0,88,60,0,0,35,25
2021-02-26 16:00,0,0,56,132,0,0,12,39
2021-02-26 17:00,0,0,0,0,0,0,0,0
2021-02-26 18:00,0,0,0,0,0,0,0,0
2021-02-26 19:00,0,0,0,0,0,0,0,0
2021-02-26 20:00,0,0,0,0,0,0,0,0
2021-02-26 21:00,0,0,0,0,0,0,0,0
2021-02-26 22:00,0,0,0,0,0,0,0,0
2021-02-26 23:00,0,0,0,0,0,0,0,0
2021-02-27 00:00,0,0,0,0,0,0,0,0
2021-02-27 01:00,0,0,0,0,0,0,0,0
2021-02-27 02:00,0,0,0,0,0,0,0,0
2021-02-27 03:00,0,0,0,0,0,0,0,0
2021-02-27 04:00,0,0,0,0,0,0,0,0
2021-02-27 05:00,0,0,0,0,0,0,0,0
2021-02-27 06:00,0,0,0,0,0,0,0,0
2021-02-27 07:00,0,0,0,0,0,0,0,0
2021-02-27 08:00,0,0,0,0,0,0,3,2
2021-02-27 09:00,0,0,35,15,0,0,23,5
2021-02-27 10:00,0,0,114,64,0,0,49,44
2021-02-27 11:00,0,1,110,131,0,0,85,83
2021-02-27 12:00,0,0,143,103,0,0,72,59
2021-02-27 13:00,0,0,104,83,0,0,62,60
2021-02-27 14:00,0,0,122,108,0,0,47,34
2021-02-27 15:00,0,0,172,118,0,0,41,45
2021-02-27 16:00,0,0,85,173,0,0,28,62
2021-02-27 17:00,0,0,0,0,0,0,0,0
2021-02-27 18:00,0,0,0,0,0,0,0,0
2021-02-27 19:00,0,0,0,0,0,0,0,0
2021-02-27 20:00,0,0,0,0,0,0,0,0
2021-02-27 21:00,0,0,0,0,0,0,0,0
2021-02-27 22:00,0,0,0,0,0,0,0,0
2021-02-27 23:00,0,0,0,0,0,0,0,0
2021-02-28 00:00,0,0,0,0,0,0,0,0
2021-02-28 01:00,0,0,0,0,0,0,0,0
2021-02-28 02:00,0,0,0,0,0,0,0,0
2021-02-28 03:00,0,0,0,0,0,0,0,0
2021-02-28 04:00,0,0,0,0,0,0,0,0
2021-02-28 05:00,0,0,0,0,0,0,0,0
2021-02-28 06:00,0,0,0,0,0,0,0,0
2021-02-28 07:00,0,0,0,0,0,0,0,0
2021-02-28 08:00,0,0,0,0,0,0,0,0
2021-02-28 09:00,0,0,56,18,0,0,38,20
2021-02-28 10:00,0,0,107,95,0,0,41,42
2021-02-28 11:00,0,0,112,100,0,0,54,57
2021-02-28 12:00,0,0,138,100,0,0,65,52
2021-02-28 13:00,0,0,120,107,0,0,60,64
2021-02-28 14:00,0,0,158,98,0,0,37,38
2021-02-28 15:00,0,0,139,119,0,0,39,43
2021-02-28 16:00,0,0,59,150,0,0,15,34
2021-02-28 17:00,0,0,0,0,0,0,0,0
2021-02-28 18:00,0,0,0,0,0,0,0,0
2021-02-28 19:00,0,0,0,0,0,0,0,0
2021-02-28 20:00,0,0,0,0,0,0,0,0
2021-02-28 21:00,0,0,0,0,0,0,0,0
2021-02-28 22:00,0,0,0,0,0,0,0,0
2021-02-28 23:00,0,0,0,0,0,0,0,0
2021-03-01 00:00,0,0,0,0,0,0,0,0
2021-03-01 01:00,0,0,0,0,0,0,0,0
2021-03-01 02:00,0,0,0,0,0,0,0,0
2021-03-01 03:00,0,0,0,0,0,0,0,0
2021-03-01 04:00,0,0,0,0,0,0,0,0
2021-03-01 05:00,0,0,0,0,0,0,0,0
2021-03-01 06:00,0,0,0,0,0,0,0,0
2021-03-01 07:00,0,0,0,0,0,0,0,0
2021-03-01 08:00,0,0,0,0,0,0,0,0
2021-03-01 09:00,0,0,11,6,0,0,4,2
2021-03-01 10:00,0,0,17,3,0,0,6,5
2021-03-01 11:00,0,0,39,18,0,0,12,13
2021-03-01 12:00,0,0,35,21,0,0,6,3
2021-03-01 13:00,0,0,45,29,0,0,30,11
2021-03-01 14:00,0,0,62,42,0,0,19,29
2021-03-01 15:00,0,0,78,76,0,0,16,10
2021-03-01 16:00,0,0,51,67,0,0,10,16
2021-03-01 17:00,0,0,0,0,0,0,0,0
2021-03-01 18:00,0,0,0,0,0,0,0,0
2021-03-01 19:00,0,0,0,0,0,0,0,0
2021-03-01 20:00,0,0,0,0,0,0,0,0
2021-03-01 21:00,0,0,0,0,0,0,0,0
2021-03-01 22:00,0,0,0,0,0,0,0,0
2021-03-01 23:00,0,0,0,0,0,0,0,0
2021-03-02 00:00,0,0,0,0,0,0,0,0
2021-03-02 01:00,0,0,0,0,0,0,0,0
2021-03-02 02:00,0,0,0,0,0,0,0,0
2021-03-02 03:00,0,0,0,0,0,0,0,0
2021-03-02 04:00,0,0,0,0,0,0,0,0
2021-03-02 05:00,0,0,0,0,0,0,0,0
2021-03-02 06:00,0,0,0,0,0,0,0,0
2021-03-02 07:00,0,0,0,0,0,0,0,0
2021-03-02 08:00,0,0,4,0,0,0,1,1
2021-03-02 09:00,0,0,13,6,0,0,7,7
2021-03-02 10:00,0,0,19,14,0,0,7,5
2021-03-02 11:00,0,0,14,21,0,0,11,7
2021-03-02 12:00,0,0,40,16,0,0,17,21
2021-03-02 13:00,0,0,64,37,0,0,12,7
2021-03-02 14:00,1,0,58,52,0,0,4,7
2021-03-02 15:00,0,0,50,50,0,0,32,14
2021-03-02 16:00,0,0,21,37,0,0,8,20
2021-03-02 17:00,0,0,0,0,0,0,0,0
2021-03-02 18:00,0,0,0,0,0,0,0,0
2021-03-02 19:00,0,0,0,0,0,0,0,0
2021-03-02 20:00,0,0,0,0,0,0,0,0
2021-03-02 21:00,0,0,0,0,0,0,0,0
2021-03-02 22:00,0,0,0,0,0,0,0,0
2021-03-02 23:00,0,0,0,0,0,0,0,0
2021-03-03 00:00,0,0,0,0,0,0,0,0
2021-03-03 01:00,0,0,0,0,0,0,0,0
2021-03-03 02:00,0,0,0,0,0,0,0,0
2021-03-03 03:00,0,0,0,0,0,0,0,0
2021-03-03 04:00,0,0,0,0,0,0,0,0
2021-03-03 05:00,0,0,0,0,0,0,0,0
2021-03-03 06:00,0,0,0,0,0,0,0,0
2021-03-03 07:00,0,0,0,0,0,0,0,0
2021-03-03 08:00,0,0,2,0,0,0,0,0
2021-03-03 09:00,0,0,6,3,0,0,5,8
2021-03-03 10:00,0,0,3,4,0,0,0,2
2021-03-03 11:00,0,0,1,0,0,0,0,0
2021-03-03 12:00,0,0,0,2,0,0,0,0
2021-03-03 13:00,0,0,4,0,0,0,2,2
2021-03-03 14:00,0,0,15,4,0,0,0,0
2021-03-03 15:00,0,0,4,5,0,0,0,0
2021-03-03 16:00,0,0,3,4,0,0,0,0
2021-03-03 17:00,0,0,0,0,0,0,0,0
2021-03-03 18:00,0,0,0,0,0,0,0,0
2021-03-03 19:00,0,0,0,0,0,0,0,0
2021-03-03 20:00,0,0,0,0,0,0,0,0
2021-03-03 21:00,0,0,0,0,0,0,0,0
2021-03-03 22:00,0,0,0,0,0,0,0,0
2021-03-03 23:00,0,0,0,0,0,0,0,0
2021-03-04 00:00,0,0,0,0,0,0,0,0
2021-03-04 01:00,0,0,0,0,0,0,0,0
2021-03-04 02:00,0,0,0,0,0,0,0,0
2021-03-04 03:00,0,0,0,0,0,0,0,0
2021-03-04 04:00,0,0,0,0,0,0,0,0
2021-03-04 05:00,0,0,0,0,0,0,0,0
2021-03-04 06:00,0,0,0,0,0,0,0,0
2021-03-04 07:00,0,0,0,0,0,0,0,0
2021-03-04 08:00,0,0,1,1,0,0,0,0
2021-03-04 09:00,0,0,18,8,0,0,13,8
2021-03-04 10:00,0,0,21,17,0,0,3,9
2021-03-04 11:00,0,0,22,9,0,0,17,15
2021-03-04 12:00,0,0,31,18,0,0,9,19
2021-03-04 13:00,0,0,38,31,0,0,15,10
2021-03-04 14:00,0,0,41,48,0,0,16,13
2021-03-04 15:00,0,0,62,45,0,0,17,16
2021-03-04 16:00,0,0,23,47,0,0,5,10
2021-03-04 17:00,0,0,0,0,0,0,0,0
2021-03-04 18:00,0,0,0,0,0,0,0,0
2021-03-04 19:00,0,0,0,0,0,0,0,0
2021-03-04 20:00,0,0,0,0,0,0,0,0
2021-03-04 21:00,0,0,0,0,0,0,0,0
2021-03-04 22:00,0,0,0,0,0,0,0,0
2021-03-04 23:00,0,0,0,0,0,0,0,0
2021-03-05 00:00,0,0,0,0,0,0,0,0
2021-03-05 01:00,0,0,0,0,0,0,0,0
2021-03-05 02:00,0,0,0,0,0,0,0,0
2021-03-05 03:00,0,0,0,0,0,0,0,0
2021-03-05 04:00,0,0,0,0,0,0,0,0
2021-03-05 05:00,0,0,0,0,0,0,0,0
2021-03-05 06:00,0,0,0,0,0,0,0,0
2021-03-05 07:00,0,0,0,1,0,0,0,0
2021-03-05 08:00,0,0,0,0,0,0,1,1
2021-03-05 09:00,0,0,35,6,0,0,12,15
2021-03-05 10:00,0,0,58,46,0,0,18,16
2021-03-05 11:00,0,0,38,37,0,0,20,22
2021-03-05 12:00,0,0,47,48,0,0,23,30
2021-03-05 13:00,0,0,50,25,0,0,17,17
2021-03-05 14:00,0,0,46,40,0,0,8,12
2021-03-05 15:00,0,0,74,57,0,0,20,19
2021-03-05 16:00,0,0,21,32,0,0,6,7
2021-03-05 17:00,0,0,0,0,0,0,0,0
2021-03-05 18:00,0,0,0,0,0,0,0,0
2021-03-05 19:00,0,0,0,0,0,0,0,0
2021-03-05 20:00,0,0,0,0,0,0,0,0
2021-03-05 21:00,0,0,0,0,0,0,0,0
2021-03-05 22:00,0,0,0,0,0,0,0,0
2021-03-05 23:00,0,0,0,0,0,0,0,0
2021-03-06 00:00,0,0,0,0,0,0,0,0
2021-03-06 01:00,0,0,0,0,0,0,0,0
2021-03-06 02:00,0,0,0,0,0,0,0,0
2021-03-06 03:00,0,0,0,0,0,0,0,0
2021-03-06 04:00,0,0,0,0,0,0,0,0
2021-03-06 05:00,0,0,0,0,0,0,0,0
2021-03-06 06:00,0,0,0,0,0,0,0,0
2021-03-06 07:00,0,0,0,0,0,0,0,0
2021-03-06 08:00,0,0,0,0,0,0,0,0
2021-03-06 09:00,0,0,124,26,0,0,46,18
2021-03-06 10:00,0,0,135,104,0,0,37,39
2021-03-06 11:00,0,0,140,154,0,0,47,51
2021-03-06 12:00,1,0,149,126,0,0,46,60
2021-03-06 13:00,0,0,109,109,0,0,54,52
2021-03-06 14:00,0,0,121,86,0,0,35,62
2021-03-06 15:00,0,0,138,113,0,0,72,46
2021-03-06 16:00,0,0,50,86,0,0,11,36
2021-03-06 17:00,0,0,0,0,0,0,0,0
2021-03-06 18:00,0,0,0,0,0,0,0,0
2021-03-06 19:00,0,0,0,0,0,0,0,0
2021-03-06 20:00,0,0,0,0,0,0,0,0
2021-03-06 21:00,0,0,0,0,0,0,0,0
2021-03-06 22:00,0,0,0,0,0,0,0,0
2021-03-06 23:00,0,0,0,0,0,0,0,0
2021-03-07 00:00,0,0,0,0,0,0,0,0
2021-03-07 01:00,0,0,0,0,0,0,0,0
2021-03-07 02:00,0,0,0,0,0,0,0,0
2021-03-07 03:00,0,0,0,0,0,0,0,0
2021-03-07 04:00,0,0,0,0,0,0,0,0
2021-03-07 05:00,0,0,0,0,0,0,0,0
2021-03-07 06:00,0,0,0,0,0,0,0,0
2021-03-07 07:00,0,0,0,0,0,0,0,0
2021-03-07 08:00,0,0,0,0,0,0,0,0
2021-03-07 09:00,0,0,52,12,0,0,26,15
2021-03-07 10:00,0,0,114,52,0,0,52,26
2021-03-07 11:00,0,0,93,87,0,0,49,35
2021-03-07 12:00,0,0,153,89,0,0,39,35
2021-03-07 13:00,0,0,130,134,0,0,40,53
2021-03-07 14:00,0,0,110,119,0,0,51,45
2021-03-07 15:00,0,0,92,86,0,0,34,51
2021-03-07 16:00,0,0,28,39,0,0,7,16
2021-03-07 17:00,0,0,0,0,0,0,0,0
2021-03-07 18:00,0,0,0,0,0,0,0,0
2021-03-07 19:00,0,0,0,0,0,0,0,0
2021-03-07 20:00,0,0,0,0,0,0,0,0
2021-03-07 21:00,0,0,0,0,0,0,0,0
2021-03-07 22:00,0,0,0,0,0,0,0,0
2021-03-07 23:00,0,0,0,0,0,0,0,0
2021-03-08 00:00,0,0,0,0,0,0,0,0
2021-03-08 01:00,0,0,0,0,0,0,0,0
2021-03-08 02:00,0,0,0,0,0,0,0,0
2021-03-08 03:00,0,0,0,0,0,0,0,0
2021-03-08 04:00,0,0,0,0,0,0,0,0
2021-03-08 05:00,0,0,0,0,0,0,0,0
2021-03-08 06:00,0,0,0,0,0,0,0,0
2021-03-08 07:00,0,0,0,0,0,0,0,0
2021-03-08 08:00,0,0,0,0,0,0,0,0
2021-03-08 09:00,0,0,8,1,0,0,2,2
2021-03-08 10:00,0,0,32,12,0,0,14,12
2021-03-08 11:00,0,0,56,26,0,0,22,20
2021-03-08 12:00,0,0,88,82,0,0,18,16
2021-03-08 13:00,0,0,58,61,0,0,9,26
2021-03-08 14:00,0,0,44,50,0,0,24,26
2021-03-08 15:00,0,0,59,34,0,0,0,6
2021-03-08 16:00,0,0,43,45,0,0,5,3
2021-03-08 17:00,0,0,0,0,0,0,0,0
2021-03-08 18:00,0,0,0,0,0,0,0,0
2021-03-08 19:00,0,0,0,0,0,0,0,0
2021-03-08 20:00,0,0,0,0,0,0,0,0
2021-03-08 21:00,0,0,0,0,0,0,0,0
2021-03-08 22:00,0,0,0,0,0,0,0,0
2021-03-08 23:00,0,0,0,0,0,0,0,0
2021-03-09 00:00,0,0,0,0,0,0,0,0
2021-03-09 01:00,0,0,0,0,0,0,0,0
2021-03-09 02:00,0,0,0,0,0,0,0,0
2021-03-09 03:00,0,0,0,0,0,0,0,0
2021-03-09 04:00,0,0,0,0,0,0,0,0
2021-03-09 05:00,0,0,0,0,0,0,0,0
2021-03-09 06:00,0,0,0,0,0,0,0,0
2021-03-09 07:00,0,0,0,0,0,0,0,0
2021-03-09 08:00,0,0,0,0,0,0,0,0
2021-03-09 09:00,0,0,0,0,0,0,3,0
2021-03-09 10:00,0,0,29,15,0,0,6,8
2021-03-09 11:00,0,0,53,40,0,0,11,11
2021-03-09 12:00,0,0,89,50,0,0,19,15
2021-03-09 13:00,0,0,85,76,0,0,18,21
2021-03-09 14:00,0,0,73,82,0,0,24,22
2021-03-09 15:00,0,0,51,74,0,0,8,8
2021-03-09 16:00,0,0,34,35,0,0,5,10
2021-03-09 17:00,0,0,0,0,0,0,0,0
2021-03-09 18:00,0,0,0,0,0,0,0,0
2021-03-09 19:00,0,0,0,0,0,0,0,0
2021-03-09 20:00,0,0,0,0,0,0,0,0
2021-03-09 21:00,0,0,0,0,0,0,0,0
2021-03-09 22:00,0,0,0,0,0,0,0,0
2021-03-09 23:00,0,0,0,0,0,0,0,0
2021-03-10 00:00,0,0,0,0,0,0,0,0
2021-03-10 01:00,0,0,0,0,0,0,0,0
2021-03-10 02:00,0,0,0,0,0,0,0,0
2021-03-10 03:00,0,0,0,0,0,0,0,0
2021-03-10 04:00,0,0,0,0,0,0,0,0
2021-03-10 05:00,0,0,0,0,0,0,0,0
2021-03-10 06:00,0,0,0,0,0,0,0,0
2021-03-10 07:00,0,0,0,0,0,0,0,0
2021-03-10 08:00,0,0,0,1,0,0,1,1
2021-03-10 09:00,0,0,10,5,0,0,0,1
2021-03-10 10:00,0,0,17,9,0,0,5,1
2021-03-10 11:00,0,0,24,13,0,0,4,6
2021-03-10 12:00,0,0,51,29,0,0,17,18
2021-03-10 13:00,0,0,64,34,0,0,16,7
2021-03-10 14:00,0,0,74,66,0,0,5,13
2021-03-10 15:00,0,0,38,43,0,0,12,6
2021-03-10 16:00,0,0,33,32,0,0,5,13
2021-03-10 17:00,0,0,0,0,0,0,0,0
2021-03-10 18:00,0,0,0,0,0,0,0,0
2021-03-10 19:00,0,0,0,0,0,0,0,0
2021-03-10 20:00,0,0,0,0,0,0,0,0
2021-03-10 21:00,0,0,0,0,0,0,0,0
2021-03-10 22:00,0,0,0,0,0,0,0,0
2021-03-10 23:00,0,0,0,0,0,0,0,0
2021-03-11 00:00,0,0,0,0,0,0,0,0
2021-03-11 01:00,0,0,0,0,0,0,0,0
2021-03-11 02:00,0,0,0,0,0,0,0,0
2021-03-11 03:00,0,0,1,0,0,0,0,0
2021-03-11 04:00,0,0,0,0,0,0,0,0
2021-03-11 05:00,0,0,0,0,0,0,0,0
2021-03-11 06:00,0,0,0,0,0,0,0,0
2021-03-11 07:00,0,0,0,0,0,0,0,0
2021-03-11 08:00,0,0,0,1,0,0,0,0
2021-03-11 09:00,0,0,12,2,0,0,2,2
2021-03-11 10:00,1,0,18,10,0,0,4,5
2021-03-11 11:00,0,0,48,27,0,1,14,10
2021-03-11 12:00,0,0,60,27,0,0,10,20
2021-03-11 13:00,0,0,69,45,0,0,15,12
2021-03-11 14:00,0,0,110,90,0,0,22,11
2021-03-11 15:00,0,0,107,99,0,0,16,21
2021-03-11 16:00,0,1,25,88,0,0,6,8
2021-03-11 17:00,0,0,0,0,0,0,0,0
2021-03-11 18:00,0,0,0,0,0,0,0,0
2021-03-11 19:00,0,0,0,0,0,0,0,0
2021-03-11 20:00,0,0,0,0,0,0,0,0
2021-03-11 21:00,0,0,0,0,0,0,0,0
2021-03-11 22:00,0,0,0,0,0,0,0,0
2021-03-11 23:00,0,0,0,0,0,0,0,0
2021-03-12 00:00,0,0,0,0,0,0,0,0
2021-03-12 01:00,0,0,0,0,0,0,0,0
2021-03-12 02:00,0,0,0,0,0,0,0,0
2021-03-12 03:00,0,0,0,0,0,0,0,0
2021-03-12 04:00,0,0,0,0,0,0,0,0
2021-03-12 05:00,0,0,0,0,0,0,0,0
2021-03-12 06:00,0,0,0,0,0,0,0,0
2021-03-12 07:00,0,0,0,0,0,0,0,0
2021-03-12 08:00,0,0,1,1,0,0,0,0
2021-03-12 09:00,0,0,18,5,0,0,3,5
2021-03-12 10:00,0,0,32,21,0,0,24,29
2021-03-12 11:00,0,0,57,42,0,0,15,18
2021-03-12 12:00,0,0,81,48,0,0,8,9
2021-03-12 13:00,0,0,98,61,0,0,24,14
2021-03-12 14:00,0,0,117,89,0,0,54,31
2021-03-12 15:00,0,0,129,113,0,0,27,33
2021-03-12 16:00,0,0,47,92,0,0,16,34
2021-03-12 17:00,0,0,0,0,0,0,0,0
2021-03-12 18:00,0,0,0,0,0,0,0,0
2021-03-12 19:00,0,0,0,0,0,0,0,0
2021-03-12 20:00,0,0,0,0,0,0,0,0
2021-03-12 21:00,0,0,0,0,0,0,0,0
2021-03-12 22:00,0,0,0,0,0,0,0,0
2021-03-12 23:00,0,0,0,0,0,0,0,0
2021-03-13 00:00,0,0,0,0,0,0,0,0
2021-03-13 01:00,0,0,0,0,0,0,0,0
2021-03-13 02:00,0,0,0,0,0,0,0,0
2021-03-13 03:00,0,0,0,0,0,0,0,0
2021-03-13 04:00,0,0,0,0,0,0,0,0
2021-03-13 05:00,0,0,0,0,0,0,0,0
2021-03-13 06:00,0,0,0,0,0,0,0,0
2021-03-13 07:00,0,0,0,0,0,0,0,0
2021-03-13 08:00,0,0,0,1,0,0,0,0
2021-03-13 09:00,0,0,30,21,0,0,12,4
2021-03-13 10:00,0,0,75,32,0,0,29,32
2021-03-13 11:00,0,0,112,106,0,0,32,25
2021-03-13 12:00,0,0,134,114,0,0,68,47
2021-03-13 13:00,0,0,116,104,0,0,50,51
2021-03-13 14:00,0,0,117,126,0,0,33,30
2021-03-13 15:00,0,0,139,114,0,0,61,51
2021-03-13 16:00,0,0,41,128,0,0,8,45
2021-03-13 17:00,0,0,0,0,0,0,0,0
2021-03-13 18:00,0,0,0,0,0,0,0,0
2021-03-13 19:00,0,0,0,0,0,0,0,0
2021-03-13 20:00,0,0,0,0,0,0,0,0
2021-03-13 21:00,0,0,0,0,0,0,0,0
2021-03-13 22:00,0,0,0,0,0,0,0,0
2021-03-13 23:00,0,0,0,0,0,0,0,0
2021-03-14 00:00,0,0,0,0,0,0,0,0
2021-03-14 01:00,0,0,0,0,0,0,0,0
2021-03-14 02:00,,,,,,,,
2021-03-14 03:00,0,0,0,0,0,0,0,0
2021-03-14 04:00,0,0,0,0,0,0,0,0
2021-03-14 05:00,0,0,0,0,0,0,0,0
2021-03-14 06:00,0,0,0,0,0,0,0,0
2021-03-14 07:00,0,0,0,0,0,0,0,0
2021-03-14 08:00,0,0,0,0,0,0,0,0
2021-03-14 09:00,0,0,20,5,0,0,12,5
2021-03-14 10:00,0,0,76,49,0,0,40,32
2021-03-14 11:00,0,0,131,109,0,0,44,21
2021-03-14 12:00,0,0,136,141,0,0,62,54
2021-03-14 13:00,0,0,128,131,0,0,35,36
2021-03-14 14:00,0,0,140,94,0,0,47,44
2021-03-14 15:00,0,0,117,116,0,0,54,51
2021-03-14 16:00,0,0,37,110,0,0,8,45
2021-03-14 17:00,0,0,2,0,0,0,0,0
2021-03-14 18:00,0,0,0,0,0,0,0,0
2021-03-14 19:00,0,0,0,0,0,0,0,0
2021-03-14 20:00,0,0,0,0,0,0,0,0
2021-03-14 21:00,0,0,0,0,0,0,0,0
2021-03-14 22:00,0,0,0,0,0,0,0,0
2021-03-14 23:00,0,0,0,0,0,0,0,0
2021-03-15 00:00,0,0,0,0,0,0,0,0
2021-03-15 01:00,0,0,0,0,0,0,0,0
2021-03-15 02:00,0,0,0,0,0,0,0,0
2021-03-15 03:00,0,0,0,0,0,0,0,0
2021-03-15 04:00,0,0,0,0,0,0,0,0
2021-03-15 05:00,0,0,0,0,0,0,0,0
2021-03-15 06:00,0,0,0,0,0,0,0,0
2021-03-15 07:00,0,0,0,0,0,0,0,0
2021-03-15 08:00,0,0,0,0,0,0,0,0
2021-03-15 09:00,0,0,12,5,0,0,2,2
2021-03-15 10:00,0,0,12,15,0,0,9,8
2021-03-15 11:00,0,0,24,11,0,0,5,6
2021-03-15 12:00,0,0,10,5,0,0,1,1
2021-03-15 13:00,0,0,20,12,0,0,11,6
2021-03-15 14:00,0,0,25,16,0,0,19,16
2021-03-15 15:00,0,0,55,27,0,0,19,19
2021-03-15 16:00,0,0,83,73,0,0,5,12
2021-03-15 17:00,0,0,6,5,0,0,0,0
2021-03-15 18:00,0,0,0,0,0,0,0,0
2021-03-15 19:00,0,0,0,0,0,0,0,0
2021-03-15 20:00,0,0,0,0,0,0,0,0
2021-03-15 21:00,0,0,0,0,0,0,0,0
2021-03-15 22:00,0,0,0,0,0,0,0,0
2021-03-15 23:00,0,0,0,0,0,0,0,0
2021-03-16 00:00,0,0,0,0,0,0,0,0
2021-03-16 01:00,0,0,0,0,0,0,0,0
2021-03-16 02:00,0,0,0,0,0,0,0,0
2021-03-16 03:00,0,0,0,0,0,0,0,0
2021-03-16 04:00,0,0,0,0,0,0,0,0
2021-03-16 05:00,0,0,0,0,0,0,0,0
2021-03-16 06:00,0,0,0,0,0,0,0,0
2021-03-16 07:00,0,0,0,0,0,0,0,0
2021-03-16 08:00,0,0,0,0,0,0,1,1
2021-03-16 09:00,0,0,38,14,0,0,3,6
2021-03-16 10:00,0,0,31,30,0,0,13,2
2021-03-16 11:00,0,0,43,32,0,0,10,13
2021-03-16 12:00,0,0,98,78,0,0,32,37
2021-03-16 13:00,0,0,55,73,0,0,37,26
2021-03-16 14:00,0,0,73,50,0,0,17,27
2021-03-16 15:00,0,0,103,68,0,0,23,20
2021-03-16 16:00,0,0,36,61,0,0,8,22
2021-03-16 17:00,0,0,0,0,0,0,0,0
2021-03-16 18:00,0,0,0,0,0,0,0,0
2021-03-16 19:00,0,0,0,0,0,0,0,0
2021-03-16 20:00,0,0,0,0,0,0,0,0
2021-03-16 21:00,0,0,0,0,0,0,0,0
2021-03-16 22:00,0,0,0,0,0,0,0,0
2021-03-16 23:00,0,0,0,0,0,0,0,0
2021-03-17 00:00,0,0,0,0,0,0,0,0
2021-03-17 01:00,0,0,0,0,0,0,0,0
2021-03-17 02:00,0,0,0,0,0,0,0,0
2021-03-17 03:00,0,0,0,0,0,0,0,0
2021-03-17 04:00,0,0,0,0,0,0,0,0
2021-03-17 05:00,0,0,0,0,0,0,0,0
2021-03-17 06:00,0,0,0,0,0,0,0,0
2021-03-17 07:00,0,0,0,0,0,0,0,0
2021-03-17 08:00,0,0,0,0,0,0,1,1
2021-03-17 09:00,0,0,35,6,0,0,6,4
2021-03-17 10:00,0,0,43,31,0,0,8,10
2021-03-17 11:00,0,0,65,38,0,0,35,22
2021-03-17 12:00,0,0,70,75,0,0,23,37
2021-03-17 13:00,0,0,46,58,0,0,18,14
2021-03-17 14:00,0,0,68,40,0,0,9,10
2021-03-17 15:00,0,0,77,63,0,0,25,24
2021-03-17 16:00,0,0,35,53,0,0,4,10
2021-03-17 17:00,0,0,0,0,0,0,0,0
2021-03-17 18:00,0,0,0,0,0,0,0,0
2021-03-17 19:00,0,0,0,0,0,0,0,0
2021-03-17 20:00,0,0,0,0,0,0,0,0
2021-03-17 21:00,0,0,0,0,0,0,0,0
2021-03-17 22:00,0,0,0,0,0,0,0,0
2021-03-17 23:00,0,0,0,0,0,0,0,0
2021-03-18 00:00,0,0,0,0,0,0,0,0
2021-03-18 01:00,0,0,0,0,0,0,0,0
2021-03-18 02:00,0,0,0,0,0,0,0,0
2021-03-18 03:00,0,0,0,0,0,0,0,0
2021-03-18 04:00,0,0,0,0,0,0,0,0
2021-03-18 05:00,0,0,0,0,0,0,0,0
2021-03-18 06:00,0,0,0,0,0,0,0,0
2021-03-18 07:00,0,0,0,0,0,0,0,0
2021-03-18 08:00,0,0,0,0,0,0,2,1
2021-03-18 09:00,0,0,15,6,0,0,7,6
2021-03-18 10:00,0,0,32,11,0,0,12,11
2021-03-18 11:00,0,0,75,53,0,0,17,13
2021-03-18 12:00,0,0,36,43,0,0,12,20
2021-03-18 13:00,0,0,52,38,0,0,8,10
2021-03-18 14:00,0,0,58,53,0,0,19,17
2021-03-18 15:00,1,0,92,72,0,0,5,5
2021-03-18 16:00,0,0,46,75,0,0,6,12
2021-03-18 17:00,0,0,0,0,0,0,0,0
2021-03-18 18:00,0,0,0,0,0,0,0,0
2021-03-18 19:00,0,0,0,0,0,0,0,0
2021-03-18 20:00,0,0,0,0,0,0,0,0
2021-03-18 21:00,0,0,0,0,0,0,0,0
2021-03-18 22:00,0,0,0,0,0,0,0,0
2021-03-18 23:00,0,0,0,0,0,0,0,0
2021-03-19 00:00,0,0,0,0,0,0,0,0
2021-03-19 01:00,0,0,0,0,0,0,0,0
2021-03-19 02:00,0,0,0,0,0,0,0,0
2021-03-19 03:00,0,0,0,0,0,0,0,0
2021-03-19 04:00,0,0,0,0,0,0,0,0
2021-03-19 05:00,0,0,0,0,0,0,0,0
2021-03-19 06:00,0,0,0,0,0,0,0,0
2021-03-19 07:00,0,0,0,0,0,0,0,0
2021-03-19 08:00,0,0,0,0,0,0,1,1
2021-03-19 09:00,0,0,69,13,0,0,12,11
2021-03-19 10:00,0,0,50,56,0,0,20,12
2021-03-19 11:00,0,0,68,43,0,0,27,22
2021-03-19 12:00,0,0,44,65,0,0,27,30
2021-03-19 13:00,0,0,88,56,0,0,21,20
2021-03-19 14:00,0,0,81,75,0,0,18,36
2021-03-19 15:00,0,0,86,60,0,0,9,6
2021-03-19 16:00,0,0,61,77,0,0,31,40
2021-03-19 17:00,0,0,0,0,0,0,0,0
2021-03-19 18:00,0,0,0,0,0,0,0,0
2021-03-19 19:00,0,0,0,0,0,0,0,0
2021-03-19 20:00,0,0,0,0,0,0,0,0
2021-03-19 21:00,0,0,0,0,0,0,0,0
2021-03-19 22:00,0,0,0,0,0,0,0,0
2021-03-19 23:00,0,0,0,0,0,0,0,0
2021-03-20 00:00,0,0,0,0,0,0,0,0
2021-03-20 01:00,0,0,0,0,0,0,0,0
2021-03-20 02:00,0,0,0,0,0,0,0,0
2021-03-20 03:00,0,0,0,0,0,0,0,0
2021-03-20 04:00,0,0,0,0,0,0,0,0
2021-03-20 05:00,0,0,0,0,0,0,0,0
2021-03-20 06:00,0,0,0,0,0,0,0,0
2021-03-20 07:00,0,0,0,0,0,0,0,0
2021-03-20 08:00,0,0,0,0,0,0,0,0
2021-03-20 09:00,0,0,98,13,0,0,29,15
2021-03-20 10:00,0,0,105,105,0,0,56,47
2021-03-20 11:00,0,0,118,107,0,0,50,50
2021-03-20 12:00,0,0,121,123,1,0,59,60
2021-03-20 13:00,0,0,141,83,0,0,60,58
2021-03-20 14:00,0,0,134,148,0,0,58,74
2021-03-20 15:00,0,0,156,113,0,0,74,60
2021-03-20 16:00,0,0,95,158,0,0,45,63
2021-03-20 17:00,0,0,2,0,0,0,0,0
2021-03-20 18:00,0,0,0,0,0,0,0,0
2021-03-20 19:00,0,0,0,0,0,0,0,0
2021-03-20 20:00,0,0,0,0,0,0,0,0
2021-03-20 21:00,0,0,0,0,0,0,0,0
2021-03-20 22:00,0,0,0,0,0,0,0,0
2021-03-20 23:00,0,0,0,0,0,0,0,0
2021-03-21 00:00,0,0,0,0,0,0,0,0
2021-03-21 01:00,0,0,0,0,0,0,0,0
2021-03-21 02:00,0,0,0,0,0,0,0,0
2021-03-21 03:00,0,0,0,0,0,0,0,0
2021-03-21 04:00,0,0,0,0,0,0,0,0
2021-03-21 05:00,0,0,0,0,0,0,0,0
2021-03-21 06:00,0,0,0,0,0,0,0,0
2021-03-21 07:00,0,0,0,0,0,0,0,0
2021-03-21 08:00,0,0,0,0,0,0,0,0
2021-03-21 09:00,0,0,55,17,0,0,9,5
2021-03-21 10:00,0,0,122,72,0,0,61,32
2021-03-21 11:00,0,0,152,115,0,0,55,67
2021-03-21 12:00,0,0,155,135,0,0,54,61
2021-03-21 13:00,0,0,119,131,0,0,53,64
2021-03-21 14:00,0,0,168,141,0,0,66,65
2021-03-21 15:00,0,0,146,119,0,0,80,70
2021-03-21 16:00,0,0,50,118,0,0,22,42
2021-03-21 17:00,0,0,0,0,0,0,0,0
2021-03-21 18:00,0,0,0,0,0,0,0,0
2021-03-21 19:00,0,0,0,0,0,0,0,0
2021-03-21 20:00,0,0,0,0,0,0,0,0
2021-03-21 21:00,0,0,0,0,0,0,0,0
2021-03-21 22:00,0,0,0,0,0,0,0,0
2021-03-21 23:00,0,0,0,0,0,0,0,0
2021-03-22 00:00,0,0,0,0,0,0,0,0
2021-03-22 01:00,0,0,0,0,0,0,0,0
2021-03-22 02:00,0,0,0,0,0,0,0,0
2021-03-22 03:00,0,0,0,0,0,0,0,0
2021-03-22 04:00,0,0,0,0,0,0,0,0
2021-03-22 05:00,0,0,0,0,0,0,0,0
2021-03-22 06:00,0,0,0,0,0,0,0,0
2021-03-22 07:00,0,0,0,0,0,0,0,0
2021-03-22 08:00,0,0,0,0,0,0,3,0
2021-03-22 09:00,0,0,12,12,0,0,8,2
2021-03-22 10:00,0,0,46,10,0,0,8,3
2021-03-22 11:00,0,0,92,49,0,0,14,8
2021-03-22 12:00,0,0,136,88,0,0,44,24
2021-03-22 13:00,0,0,67,92,0,0,18,31
2021-03-22 14:00,0,0,65,57,0,0,20,26
2021-03-22 15:00,0,0,75,58,0,0,22,16
2021-03-22 16:00,0,0,39,49,0,0,15,30
2021-03-22 17:00,0,0,0,0,0,0,0,0
2021-03-22 18:00,0,0,0,0,0,0,0,0
2021-03-22 19:00,0,0,0,0,0,0,0,0
2021-03-22 20:00,0,0,0,0,0,0,0,0
2021-03-22 21:00,0,0,0,0,0,0,0,0
2021-03-22 22:00,0,0,0,0,0,0,0,0
2021-03-22 23:00,0,0,0,0,0,0,0,0
2021-03-23 00:00,0,0,0,0,0,0,0,0
2021-03-23 01:00,0,0,0,0,0,0,0,0
2021-03-23 02:00,0,0,0,0,0,0,0,0
2021-03-23 03:00,0,0,0,0,0,0,0,0
2021-03-23 04:00,0,0,0,0,0,0,0,0
2021-03-23 05:00,0,0,0,0,0,0,0,0
2021-03-23 06:00,0,0,0,0,0,0,0,0
2021-03-23 07:00,0,0,0,0,0,0,0,0
2021-03-23 08:00,0,0,0,0,0,0,0,0
2021-03-23 09:00,0,0,14,2,0,0,0,2
2021-03-23 10:00,0,0,33,23,0,0,8,9
2021-03-23 11:00,0,0,64,20,0,0,24,26
2021-03-23 12:00,0,0,72,54,0,0,30,35
2021-03-23 13:00,0,0,68,78,0,0,19,18
2021-03-23 14:00,0,0,77,76,0,0,40,43
2021-03-23 15:00,0,0,93,68,0,0,25,29
2021-03-23 16:00,0,0,24,47,0,0,7,14
2021-03-23 17:00,0,0,0,0,0,0,0,0
2021-03-23 18:00,0,0,0,0,0,0,0,0
2021-03-23 19:00,0,0,0,0,0,0,0,0
2021-03-23 20:00,0,0,0,0,0,0,0,0
2021-03-23 21:00,0,0,0,0,0,0,0,0
2021-03-23 22:00,0,0,0,0,0,0,0,0
2021-03-23 23:00,0,0,0,0,0,0,0,0
2021-03-24 00:00,0,0,0,0,0,0,0,0
2021-03-24 01:00,0,0,0,0,0,0,0,0
2021-03-24 02:00,0,0,0,0,0,0,0,0
2021-03-24 03:00,0,0,0,0,0,0,0,0
2021-03-24 04:00,0,0,0,0,0,0,0,0
2021-03-24 05:00,0,0,0,0,0,0,0,0
2021-03-24 06:00,0,0,0,0,0,0,0,0
2021-03-24 07:00,0,0,0,0,0,0,0,0
2021-03-24 08:00,0,0,0,0,0,0,1,1
2021-03-24 09:00,0,0,20,10,0,0,1,1
2021-03-24 10:00,0,0,53,26,0,0,15,12
2021-03-24 11:00,0,0,86,80,0,0,28,27
2021-03-24 12:00,0,0,114,63,0,0,37,19
2021-03-24 13:00,0,0,93,72,0,0,57,16
2021-03-24 14:00,0,0,100,84,0,0,45,42
2021-03-24 15:00,0,0,110,105,0,0,34,53
2021-03-24 16:00,0,0,53,98,0,0,6,16
2021-03-24 17:00,0,0,0,0,0,0,0,0
2021-03-24 18:00,0,0,0,0,0,0,0,0
2021-03-24 19:00,0,0,0,0,0,0,0,0
2021-03-24 20:00,0,0,0,0,0,0,0,0
2021-03-24 21:00,0,0,0,0,0,0,0,0
2021-03-24 22:00,0,0,0,0,0,0,0,0
2021-03-24 23:00,0,0,0,0,0,0,0,0
2021-03-25 00:00,0,0,0,0,0,0,0,0
2021-03-25 01:00,0,0,0,0,0,0,0,0
2021-03-25 02:00,0,0,0,0,0,0,0,0
2021-03-25 03:00,0,0,0,0,0,0,0,0
2021-03-25 04:00,0,0,0,0,0,0,0,0
2021-03-25 05:00,0,0,0,0,0,0,0,0
2021-03-25 06:00,0,0,0,0,0,0,0,0
2021-03-25 07:00,0,0,1,0,0,0,0,0
2021-03-25 08:00,0,0,0,1,0,0,2,1
2021-03-25 09:00,0,0,26,9,0,0,20,12
2021-03-25 10:00,0,0,54,37,0,0,18,24
2021-03-25 11:00,0,0,74,40,0,0,13,20
2021-03-25 12:00,0,0,96,58,0,0,10,10
2021-03-25 13:00,0,0,103,85,0,0,33,28
2021-03-25 14:00,0,0,93,91,0,0,11,11
2021-03-25 15:00,0,0,66,60,0,0,2,7
2021-03-25 16:00,0,0,20,13,0,0,0,0
2021-03-25 17:00,0,0,0,0,0,0,0,0
2021-03-25 18:00,0,0,0,0,0,0,0,0
2021-03-25 19:00,0,0,0,0,0,0,0,0
2021-03-25 20:00,0,0,0,0,0,0,0,0
2021-03-25 21:00,0,0,0,0,0,0,0,0
2021-03-25 22:00,0,0,0,0,0,0,0,0
2021-03-25 23:00,0,0,0,0,0,0,0,0
2021-03-26 00:00,0,0,0,0,0,0,0,0
2021-03-26 01:00,0,0,0,0,0,0,0,0
2021-03-26 02:00,0,0,0,0,0,0,0,0
2021-03-26 03:00,0,0,0,0,0,0,0,0
2021-03-26 04:00,0,0,0,0,0,0,0,0
2021-03-26 05:00,0,0,0,0,0,0,0,0
2021-03-26 06:00,0,0,0,0,0,0,0,0
2021-03-26 07:00,0,0,0,0,0,0,0,0
2021-03-26 08:00,0,0,0,0,0,0,1,1
2021-03-26 09:00,0,0,22,3,0,0,7,4
2021-03-26 10:00,0,0,53,25,0,0,18,17
2021-03-26 11:00,0,0,85,55,0,0,35,25
2021-03-26 12:00,0,0,81,67,0,0,28,18
2021-03-26 13:00,0,0,136,99,0,0,19,28
2021-03-26 14:00,0,0,99,91,0,0,45,31
2021-03-26 15:00,0,0,115,97,0,0,27,25
2021-03-26 16:00,0,0,31,102,0,0,14,38
2021-03-26 17:00,0,0,0,0,0,0,0,0
2021-03-26 18:00,0,0,0,0,0,0,0,0
2021-03-26 19:00,0,0,0,0,0,0,0,0
2021-03-26 20:00,0,0,0,0,0,0,0,0
2021-03-26 21:00,0,0,0,0,0,0,0,0
2021-03-26 22:00,0,0,0,0,0,0,0,0
2021-03-26 23:00,0,0,0,0,0,0,0,0
2021-03-27 00:00,0,0,0,0,0,0,0,0
2021-03-27 01:00,0,0,0,0,0,0,0,0
2021-03-27 02:00,0,0,0,0,0,0,0,0
2021-03-27 03:00,0,0,0,0,0,0,0,0
2021-03-27 04:00,0,0,0,0,0,0,0,0
2021-03-27 05:00,0,0,0,0,0,0,0,0
2021-03-27 06:00,0,0,0,0,0,0,0,0
2021-03-27 07:00,0,0,0,0,0,0,0,0
2021-03-27 08:00,0,0,0,0,0,0,0,0
2021-03-27 09:00,0,0,61,17,0,0,6,6
2021-03-27 10:00,0,0,80,55,0,0,36,20
2021-03-27 11:00,0,0,130,111,0,0,55,50
2021-03-27 12:00,0,0,140,108,0,0,59,37
2021-03-27 13:00,0,0,116,93,0,0,60,54
2021-03-27 14:00,0,0,117,92,0,0,27,37
2021-03-27 15:00,0,0,161,132,0,0,50,23
2021-03-27 16:00,0,0,67,145,0,0,7,40
2021-03-27 17:00,0,0,0,0,0,0,0,0
2021-03-27 18:00,0,0,0,0,0,0,0,0
2021-03-27 19:00,0,0,0,0,0,0,0,0
2021-03-27 20:00,0,0,0,0,0,0,0,0
2021-03-27 21:00,0,0,0,0,0,0,0,0
2021-03-27 22:00,0,0,0,0,0,0,0,0
2021-03-27 23:00,0,0,0,0,0,0,0,0
2021-03-28 00:00,0,0,0,0,0,0,0,0
2021-03-28 01:00,0,0,0,0,0,0,0,0
2021-03-28 02:00,0,0,0,0,0,0,0,0
2021-03-28 03:00,0,0,0,0,0,0,0,0
2021-03-28 04:00,0,0,0,0,0,0,0,0
2021-03-28 05:00,0,0,0,0,0,0,0,0
2021-03-28 06:00,0,0,0,0,0,0,0,0
2021-03-28 07:00,0,0,0,0,0,0,0,0
2021-03-28 08:00,0,0,0,0,0,0,0,0
2021-03-28 09:00,0,0,44,26,0,0,16,8
2021-03-28 10:00,0,0,118,48,0,0,39,41
2021-03-28 11:00,0,0,132,103,1,0,71,53
2021-03-28 12:00,0,0,136,102,0,0,83,34
2021-03-28 13:00,0,0,130,94,0,0,101,75
2021-03-28 14:00,0,0,148,109,1,0,60,47
2021-03-28 15:00,0,0,148,116,0,0,54,45
2021-03-28 16:00,0,0,61,102,0,0,11,36
2021-03-28 17:00,0,0,0,0,0,0,1,0
2021-03-28 18:00,0,0,0,0,0,0,0,0
2021-03-28 19:00,0,0,0,0,0,0,0,0
2021-03-28 20:00,0,0,0,0,0,0,0,0
2021-03-28 21:00,0,0,0,0,0,0,0,0
2021-03-28 22:00,0,0,0,0,0,0,0,0
2021-03-28 23:00,0,0,0,0,0,0,0,0
2021-03-29 00:00,0,0,0,0,0,0,0,0
2021-03-29 01:00,0,0,0,0,0,0,0,0
2021-03-29 02:00,0,0,0,0,0,0,0,0
2021-03-29 03:00,0,0,0,0,0,0,0,0
2021-03-29 04:00,0,0,0,0,0,0,0,0
2021-03-29 05:00,0,0,0,0,0,0,0,0
2021-03-29 06:00,0,0,0,0,0,0,0,0
2021-03-29 07:00,0,0,0,0,0,0,0,0
2021-03-29 08:00,0,0,0,0,0,0,0,0
2021-03-29 09:00,0,0,45,14,0,0,23,22
2021-03-29 10:00,0,0,66,45,0,0,27,28
2021-03-29 11:00,0,0,92,80,0,0,26,11
2021-03-29 12:00,0,0,85,78,0,0,30,31
2021-03-29 13:00,0,0,112,82,0,0,45,18
2021-03-29 14:00,0,0,99,107,0,0,52,49
2021-03-29 15:00,0,0,147,100,0,0,47,27
2021-03-29 16:00,0,0,111,209,0,0,18,59
2021-03-29 17:00,0,0,0,0,0,0,0,0
2021-03-29 18:00,0,0,0,0,0,0,0,0
2021-03-29 19:00,0,0,0,0,0,0,0,0
2021-03-29 20:00,0,0,0,0,0,0,0,0
2021-03-29 21:00,0,0,0,0,0,0,0,0
2021-03-29 22:00,0,0,0,0,0,0,0,0
2021-03-29 23:00,0,0,0,0,0,0,0,0
2021-03-30 00:00,0,0,0,0,0,0,0,0
2021-03-30 01:00,0,0,0,0,0,0,0,0
2021-03-30 02:00,0,0,0,0,0,0,0,0
2021-03-30 03:00,0,0,0,0,0,0,0,0
2021-03-30 04:00,0,0,0,0,0,0,0,0
2021-03-30 05:00,0,0,0,0,0,0,0,0
2021-03-30 06:00,0,0,0,0,0,0,0,0
2021-03-30 07:00,0,0,0,0,0,0,0,0
2021-03-30 08:00,0,0,0,0,0,0,2,2
2021-03-30 09:00,0,0,39,11,0,0,5,7
2021-03-30 10:00,0,0,85,47,0,0,9,9
